{
    "utterances": [
        {
            "text": "can you play my favorite music",
            "entities": [
                {
                    "entity": "music_name:music_name",
                    "start": 13,
                    "end": 30,
                    "body": "my favorite music",
                    "entities": []
                }
            ],
            "traits": [],
            "intent": "play"
        },
        {
            "text": "can you play my music",
            "entities": [
                {
                    "entity": "music_name:music_name",
                    "start": 13,
                    "end": 21,
                    "body": "my music",
                    "entities": []
                }
            ],
            "traits": [],
            "intent": "play"
        },
        {
            "text": "play my favorite music",
            "entities": [
                {
                    "entity": "music_name:music_name",
                    "start": 5,
                    "end": 22,
                    "body": "my favorite music",
                    "entities": []
                }
            ],
            "traits": [],
            "intent": "play"
        },
        {
            "text": "play my favourite music",
            "entities": [
                {
                    "entity": "music_name:music_name",
                    "start": 5,
                    "end": 23,
                    "body": "my favourite music",
                    "entities": []
                }
            ],
            "traits": [],
            "intent": "play"
        },
        {
            "text": "play the favourite music",
            "entities": [
                {
                    "entity": "music_name:music_name",
                    "start": 5,
                    "end": 24,
                    "body": "the favourite music",
                    "entities": []
                }
            ],
            "traits": [],
            "intent": "play"
        }
    ]
}
